{
  "version": "1.1.1",
  "windows": {
    "main": {
      "main": true,
      "url": "app://editor/index.html",
      "windowType": "dockable",
      "x": -8,
      "y": -8,
      "width": 1552,
      "height": 840,
      "layout": {
        "children": [
          {
            "children": [
              {
                "active": 0,
                "children": [
                  "hierarchy"
                ],
                "height": 352.1125183105469,
                "type": "panel",
                "width": 245.8000030517578
              },
              {
                "active": 0,
                "children": [
                  "assets"
                ],
                "height": 353.0874938964844,
                "type": "panel",
                "width": 245.8000030517578
              }
            ],
            "height": 708.2000122070312,
            "type": "dock-v",
            "width": 245.8000030517578
          },
          {
            "children": [
              {
                "children": [
                  {
                    "active": 0,
                    "children": [
                      "scene"
                    ],
                    "height": 439.20001220703125,
                    "type": "panel",
                    "width": 584.0875244140625
                  },
                  {
                    "active": 0,
                    "children": [
                      "node-library"
                    ],
                    "height": 439.20001220703125,
                    "type": "panel",
                    "width": 317.7875061035156
                  }
                ],
                "height": 439.20001220703125,
                "type": "dock-h",
                "width": 904.8875122070312
              },
              {
                "active": 0,
                "children": [
                  "console",
                  "timeline",
                  "game-window"
                ],
                "height": 266,
                "type": "panel",
                "width": 904.8875122070312
              }
            ],
            "height": 708.2000122070312,
            "type": "dock-v",
            "width": 904.8875122070312
          },
          {
            "active": 0,
            "children": [
              "inspector",
              "cocos-services"
            ],
            "height": 708.2000122070312,
            "type": "panel",
            "width": 365.7250061035156
          }
        ],
        "type": "dock-h"
      },
      "panels": [
        "hierarchy",
        "assets",
        "scene",
        "node-library",
        "console",
        "timeline",
        "game-window",
        "inspector",
        "cocos-services"
      ]
    }
  },
  "panels": {
    "preferences": {
      "x": 476,
      "y": 128,
      "width": 603,
      "height": 567
    }
  },
  "panelLabelWidth": {
    "preferences": null,
    "inspector": null
  },
  "panelLabelWidth.preferences": null,
  "panelLabelWidth.inspector": null
}
