{
  "9836134e-b892-4283-b6b2-78b5acf3ed45": {
    "asset": 1578822385687,
    "meta": 1577080350000,
    "relativePath": "effects"
  },
  "430eccbf-bf2c-4e6e-8c0c-884bbb487f32": {
    "asset": 1577080350000,
    "meta": 1578903398129,
    "relativePath": "effects\\__builtin-editor-gizmo-line.effect"
  },
  "6c5cf6e1-b044-4eac-9431-835644d57381": {
    "asset": 1577080350000,
    "meta": 1578903398173,
    "relativePath": "effects\\__builtin-editor-gizmo-unlit.effect"
  },
  "115286d1-2e10-49ee-aab4-341583f607e8": {
    "asset": 1577080350000,
    "meta": 1578903398261,
    "relativePath": "effects\\__builtin-editor-gizmo.effect"
  },
  "abc2cb62-7852-4525-a90d-d474487b88f2": {
    "asset": 1577080350000,
    "meta": 1578903398342,
    "relativePath": "effects\\builtin-phong.effect"
  },
  "e2f00085-c597-422d-9759-52c360279106": {
    "asset": 1577080350000,
    "meta": 1578903398344,
    "relativePath": "effects\\builtin-toon.effect"
  },
  "f8e6b000-5643-4b86-9080-aa680ce1f599": {
    "asset": 1578822290583,
    "meta": 1577080350000,
    "relativePath": "image"
  },
  "71561142-4c83-4933-afca-cb7a17f67053": {
    "asset": 1577080350000,
    "meta": 1578903398537,
    "relativePath": "image\\default_btn_disabled.png"
  },
  "e851e89b-faa2-4484-bea6-5c01dd9f06e2": {
    "asset": 1577080350000,
    "meta": 1578903398541,
    "relativePath": "image\\default_btn_normal.png"
  },
  "b43ff3c2-02bb-4874-81f7-f2dea6970f18": {
    "asset": 1577080350000,
    "meta": 1578903398556,
    "relativePath": "image\\default_btn_pressed.png"
  },
  "edd215b9-2796-4a05-aaf5-81f96c9281ce": {
    "asset": 1577080350000,
    "meta": 1578903398559,
    "relativePath": "image\\default_editbox_bg.png"
  },
  "d81ec8ad-247c-4e62-aa3c-d35c4193c7af": {
    "asset": 1577080350000,
    "meta": 1578903398573,
    "relativePath": "image\\default_panel.png"
  },
  "99170b0b-d210-46f1-b213-7d9e3f23098a": {
    "asset": 1577080350000,
    "meta": 1578903398576,
    "relativePath": "image\\default_progressbar_bg.png"
  },
  "cfef78f1-c8df-49b7-8ed0-4c953ace2621": {
    "asset": 1577080350000,
    "meta": 1578903398589,
    "relativePath": "image\\default_progressbar.png"
  },
  "567dcd80-8bf4-4535-8a5a-313f1caf078a": {
    "asset": 1577080350000,
    "meta": 1578903398598,
    "relativePath": "image\\default_radio_button_off.png"
  },
  "9d60001f-b5f4-4726-a629-2659e3ded0b8": {
    "asset": 1577080350000,
    "meta": 1578903398607,
    "relativePath": "image\\default_radio_button_on.png"
  },
  "4bab67cb-18e6-4099-b840-355f0473f890": {
    "asset": 1577080350000,
    "meta": 1578903398616,
    "relativePath": "image\\default_scrollbar_bg.png"
  },
  "617323dd-11f4-4dd3-8eec-0caf6b3b45b9": {
    "asset": 1577080350000,
    "meta": 1578903398627,
    "relativePath": "image\\default_scrollbar_vertical_bg.png"
  },
  "d6d3ca85-4681-47c1-b5dd-d036a9d39ea2": {
    "asset": 1577080350000,
    "meta": 1578903398631,
    "relativePath": "image\\default_scrollbar_vertical.png"
  },
  "0275e94c-56a7-410f-bd1a-fc7483f7d14a": {
    "asset": 1577080350000,
    "meta": 1578903398644,
    "relativePath": "image\\default_sprite_splash.png"
  },
  "0291c134-b3da-4098-b7b5-e397edbe947f": {
    "asset": 1577080350000,
    "meta": 1578903398648,
    "relativePath": "image\\default_scrollbar.png"
  },
  "6e056173-d285-473c-b206-40a7fff5386e": {
    "asset": 1577080350000,
    "meta": 1578903398661,
    "relativePath": "image\\default_sprite.png"
  },
  "73a0903d-d80e-4e3c-aa67-f999543c08f5": {
    "asset": 1577080350000,
    "meta": 1578903398664,
    "relativePath": "image\\default_toggle_checkmark.png"
  },
  "c25b9d50-c8fc-4d27-beeb-6e7c1f2e5c0f": {
    "asset": 1577080350000,
    "meta": 1578903398678,
    "relativePath": "image\\default_toggle_disabled.png"
  },
  "d29077ba-1627-4a72-9579-7b56a235340c": {
    "asset": 1577080350000,
    "meta": 1578903398682,
    "relativePath": "image\\default_toggle_normal.png"
  },
  "5c3eedba-6c41-4c0c-9ba7-d91f813cbd1c": {
    "asset": 1578822290602,
    "meta": 1577080350000,
    "relativePath": "materials"
  },
  "c4480a0a-6ac5-443f-8b40-361a14257fc8": {
    "asset": 1577080350000,
    "meta": 1578903398689,
    "relativePath": "materials\\builtin-phong.mtl"
  },
  "fc09f9bd-2cce-4605-b630-8145ef809ed6": {
    "asset": 1578822290623,
    "meta": 1577080350000,
    "relativePath": "misc"
  },
  "2be36297-9abb-4fee-8049-9ed5e271da8a": {
    "asset": 1577080350000,
    "meta": 1578903398699,
    "relativePath": "misc\\default_video.mp4"
  },
  "db019bf7-f71c-4111-98cf-918ea180cb48": {
    "asset": 1578822290740,
    "meta": 1577080350000,
    "relativePath": "model"
  },
  "b181c1e4-0a72-4a91-bfb0-ae6f36ca60bd": {
    "asset": 1577080350000,
    "meta": 1578903398704,
    "relativePath": "image\\default_toggle_pressed.png"
  },
  "e39e96e6-6f6e-413f-bcf1-ac7679bb648a": {
    "asset": 1578822290721,
    "meta": 1577080350000,
    "relativePath": "model\\prefab"
  },
  "a87cc147-01b2-43f8-8e42-a7ca90b0c757": {
    "asset": 1578822517931,
    "meta": 1578903398711,
    "relativePath": "model\\prefab\\box.prefab"
  },
  "fe1417b6-fe6b-46a4-ae7c-9fd331f33a2a": {
    "asset": 1578822517934,
    "meta": 1578903398715,
    "relativePath": "model\\prefab\\capsule.prefab"
  },
  "b5fc2cf2-7942-483d-be1f-bbeadc4714ad": {
    "asset": 1578822517937,
    "meta": 1578903398720,
    "relativePath": "model\\prefab\\cone.prefab"
  },
  "1c5e4038-953a-44c2-b620-0bbfc6170477": {
    "asset": 1578822517941,
    "meta": 1578903398723,
    "relativePath": "model\\prefab\\cylinder.prefab"
  },
  "3f376125-a699-40ca-ad05-04d662eaa1f2": {
    "asset": 1578822517944,
    "meta": 1578903398727,
    "relativePath": "model\\prefab\\plane.prefab"
  },
  "6c9ef10d-b479-420b-bfe6-39cdda6a8ae0": {
    "asset": 1578822517947,
    "meta": 1578903398731,
    "relativePath": "model\\prefab\\quad.prefab"
  },
  "2d9a4b85-b0ab-4c46-84c5-18f393ab2058": {
    "asset": 1578822517950,
    "meta": 1578903398735,
    "relativePath": "model\\prefab\\sphere.prefab"
  },
  "de510076-056b-484f-b94c-83bef217d0e1": {
    "asset": 1578822517961,
    "meta": 1578903398749,
    "relativePath": "model\\prefab\\torus.prefab"
  },
  "f6e6dd15-71d1-4ffe-ace7-24fd39942c05": {
    "asset": 1578822290771,
    "meta": 1577080350000,
    "relativePath": "obsolete"
  },
  "8a96b965-2dc0-4e03-aa90-3b79cb93b5b4": {
    "asset": 1577080350000,
    "meta": 1578903398765,
    "relativePath": "obsolete\\atom.png"
  },
  "f743d2b6-b7ea-4c14-a55b-547ed4d0a045": {
    "asset": 1578822290800,
    "meta": 1577080350000,
    "relativePath": "particle"
  },
  "b8223619-7e38-47c4-841f-9160c232495a": {
    "asset": 1577080350000,
    "meta": 1578903399208,
    "relativePath": "obsolete\\atom.plist"
  },
  "d0a82d39-bede-46c4-b698-c81ff0dedfff": {
    "asset": 1577080350000,
    "meta": 1578903398781,
    "relativePath": "particle\\atom.png"
  },
  "b2687ac4-099e-403c-a192-ff477686f4f5": {
    "asset": 1577080350000,
    "meta": 1578903399210,
    "relativePath": "particle\\atom.plist"
  },
  "ae6c6c98-11e4-452f-8758-75f5c6a56e83": {
    "asset": 1578822385745,
    "meta": 1577080350000,
    "relativePath": "prefab"
  },
  "972b9a4d-47ee-4c74-b5c3-61d8a69bc29f": {
    "asset": 1578822517993,
    "meta": 1578903398787,
    "relativePath": "prefab\\button.prefab"
  },
  "897ef7a1-4860-4f64-968d-f5924b18668a": {
    "asset": 1578822517997,
    "meta": 1578903398791,
    "relativePath": "prefab\\camera.prefab"
  },
  "2c937608-2562-40ea-b264-7395df6f0cea": {
    "asset": 1578822518001,
    "meta": 1578903398795,
    "relativePath": "prefab\\canvas.prefab"
  },
  "61aeb05b-3b32-452b-8eed-2b76deeed554": {
    "asset": 1578822518005,
    "meta": 1578903398799,
    "relativePath": "prefab\\editbox.prefab"
  },
  "27756ebb-3d33-44b0-9b96-e858fadd4dd4": {
    "asset": 1578822518009,
    "meta": 1578903398804,
    "relativePath": "prefab\\label.prefab"
  },
  "785a442c-3ceb-45be-a46e-7317f625f3b9": {
    "asset": 1578822518012,
    "meta": 1578903398808,
    "relativePath": "prefab\\layout.prefab"
  },
  "a3ee0214-b432-4865-9666-4a3211814282": {
    "asset": 1578822385739,
    "meta": 1577080350000,
    "relativePath": "prefab\\light"
  },
  "61906da3-7003-4bda-9abc-5769c76faee4": {
    "asset": 1578822518019,
    "meta": 1578903398814,
    "relativePath": "prefab\\light\\ambient.prefab"
  },
  "ddb99b39-7004-47cd-9705-751905c43c46": {
    "asset": 1578822518023,
    "meta": 1578903398819,
    "relativePath": "prefab\\light\\directional.prefab"
  },
  "0cf30284-9073-46bc-9eba-e62b69dbbff3": {
    "asset": 1578822518026,
    "meta": 1578903398823,
    "relativePath": "prefab\\light\\point.prefab"
  },
  "f5331fd2-bf42-4ee3-a3fd-3e1657600eff": {
    "asset": 1578822518030,
    "meta": 1578903398826,
    "relativePath": "prefab\\light\\spot.prefab"
  },
  "ca8401fe-ad6e-41a8-bd46-8e3e4e9945be": {
    "asset": 1578822518033,
    "meta": 1578903398831,
    "relativePath": "prefab\\pageview.prefab"
  },
  "cd33edea-55f5-46c2-958d-357a01384a36": {
    "asset": 1578822518036,
    "meta": 1578903398835,
    "relativePath": "prefab\\particlesystem.prefab"
  },
  "5965ffac-69da-4b55-bcde-9225d0613c28": {
    "asset": 1578822518039,
    "meta": 1578903398839,
    "relativePath": "prefab\\progressBar.prefab"
  },
  "4a37dd57-78cd-4cec-aad4-f11a73d12b63": {
    "asset": 1578822518042,
    "meta": 1578903398844,
    "relativePath": "prefab\\richtext.prefab"
  },
  "32044bd2-481f-4cf1-a656-e2b2fb1594eb": {
    "asset": 1578822518045,
    "meta": 1578903398848,
    "relativePath": "prefab\\scrollview.prefab"
  },
  "0004d1cf-a0ad-47d8-ab17-34d3db9d35a3": {
    "asset": 1578822518049,
    "meta": 1578903398852,
    "relativePath": "prefab\\slider.prefab"
  },
  "1f55e3be-b89b-4b79-88de-47fd31018044": {
    "asset": 1578822518052,
    "meta": 1578903398857,
    "relativePath": "prefab\\sprite_splash.prefab"
  },
  "96083d03-c332-4a3f-9386-d03e2d19e8ee": {
    "asset": 1578822518055,
    "meta": 1578903398860,
    "relativePath": "prefab\\sprite.prefab"
  },
  "7de03a80-4457-438d-95a7-3e7cdffd6086": {
    "asset": 1578822518059,
    "meta": 1578903398864,
    "relativePath": "prefab\\tiledmap.prefab"
  },
  "0e42ba95-1fa1-46aa-b2cf-143cd1bcee2c": {
    "asset": 1578822518062,
    "meta": 1578903398869,
    "relativePath": "prefab\\tiledtile.prefab"
  },
  "0d784963-d024-4ea6-a7db-03be0ad63010": {
    "asset": 1578822518065,
    "meta": 1578903398873,
    "relativePath": "prefab\\toggle.prefab"
  },
  "bf0a434c-84dd-4a8e-a08a-7a36f180cc75": {
    "asset": 1578822518068,
    "meta": 1578903398879,
    "relativePath": "prefab\\toggleContainer.prefab"
  },
  "d1b8be49-b0a0-435c-83b7-552bed4bbe35": {
    "asset": 1578822518072,
    "meta": 1578903398884,
    "relativePath": "prefab\\toggleGroup.prefab"
  },
  "232d2782-c4bd-4bb4-9e01-909f03d6d3b9": {
    "asset": 1578822518075,
    "meta": 1578903398888,
    "relativePath": "prefab\\videoplayer.prefab"
  },
  "8c5001fd-07ee-4a4b-a8a0-63e15195e94d": {
    "asset": 1578822518078,
    "meta": 1578903398891,
    "relativePath": "prefab\\webview.prefab"
  },
  "d8afc78c-4eac-4a9f-83dd-67bc70344d33": {
    "asset": 1578822291233,
    "meta": 1577080350000,
    "relativePath": "resources"
  },
  "294c1663-4adf-4a1e-a795-53808011a38a": {
    "asset": 1578822291150,
    "meta": 1577080350000,
    "relativePath": "resources\\effects"
  },
  "144c3297-af63-49e8-b8ef-1cfa29b3be28": {
    "asset": 1577080350000,
    "meta": 1578903398913,
    "relativePath": "resources\\effects\\builtin-2d-gray-sprite.effect"
  },
  "0e93aeaa-0b53-4e40-b8e0-6268b4e07bd7": {
    "asset": 1577080350000,
    "meta": 1578903398952,
    "relativePath": "resources\\effects\\builtin-2d-spine.effect"
  },
  "2874f8dd-416c-4440-81b7-555975426e93": {
    "asset": 1577080350000,
    "meta": 1578903398973,
    "relativePath": "resources\\effects\\builtin-2d-sprite.effect"
  },
  "c0040c95-c57f-49cd-9cbc-12316b73d0d4": {
    "asset": 1577080350000,
    "meta": 1578903398996,
    "relativePath": "resources\\effects\\builtin-clear-stencil.effect"
  },
  "79eafaef-b7ef-45d9-9c3f-591dc836fc7a": {
    "asset": 1577080350000,
    "meta": 1578903399026,
    "relativePath": "resources\\effects\\builtin-unlit-transparent.effect"
  },
  "6d91e591-4ce0-465c-809f-610ec95019c6": {
    "asset": 1577080350000,
    "meta": 1578903399055,
    "relativePath": "resources\\effects\\builtin-unlit.effect"
  },
  "bbee2217-c261-49bd-a8ce-708d6bcc3500": {
    "asset": 1578822291227,
    "meta": 1577080350000,
    "relativePath": "resources\\materials"
  },
  "6f801092-0c37-4f30-89ef-c8d960825b36": {
    "asset": 1577080350000,
    "meta": 1578903399060,
    "relativePath": "resources\\materials\\builtin-2d-base.mtl"
  },
  "3a7bb79f-32fd-422e-ada2-96f518fed422": {
    "asset": 1577080350000,
    "meta": 1578903399063,
    "relativePath": "resources\\materials\\builtin-2d-gray-sprite.mtl"
  },
  "7afd064b-113f-480e-b793-8817d19f63c3": {
    "asset": 1577080350000,
    "meta": 1578903399067,
    "relativePath": "resources\\materials\\builtin-2d-spine.mtl"
  },
  "eca5d2f2-8ef6-41c2-bbe6-f9c79d09c432": {
    "asset": 1577080350000,
    "meta": 1578903399083,
    "relativePath": "resources\\materials\\builtin-2d-sprite.mtl"
  },
  "cf7e0bb8-a81c-44a9-ad79-d28d43991032": {
    "asset": 1577080350000,
    "meta": 1578903399101,
    "relativePath": "resources\\materials\\builtin-clear-stencil.mtl"
  },
  "2a296057-247c-4a1c-bbeb-0548b6c98650": {
    "asset": 1577080350000,
    "meta": 1578903399107,
    "relativePath": "resources\\materials\\builtin-unlit.mtl"
  },
  "954fec8b-cd16-4bb9-a3b7-7719660e7558": {
    "asset": 1577080350000,
    "meta": 1578903403534,
    "relativePath": "model\\primitives.fbx"
  },
  "c570117d-b424-4690-8115-386a869967b5": {
    "asset": 1578903417812,
    "meta": 1578903417815,
    "relativePath": "01.Scene"
  },
  "e6d3a04a-dfe0-4884-84ca-199f5fdcffdb": {
    "asset": 1578903424649,
    "meta": 1578903424652,
    "relativePath": "02.Script"
  },
  "abe2414a-f31f-4a2c-b1ac-b54390e731b1": {
    "asset": 1578903431594,
    "meta": 1578903431596,
    "relativePath": "03.Texture"
  },
  "ffd472d8-586e-4c1d-8d13-bdfebd21d0c3": {
    "asset": 1578903448907,
    "meta": 1578903448911,
    "relativePath": "04.Anim"
  },
  "b680a2d5-5ae0-4e95-9e3b-7d2a8ca29b35": {
    "asset": 1578903455163,
    "meta": 1578903455166,
    "relativePath": "05.Prefab"
  },
  "25abd713-f603-427e-91d5-665d64a77346": {
    "asset": 1578903463145,
    "meta": 1578903463149,
    "relativePath": "06.Res"
  },
  "eee107f2-dd62-4216-afa8-1701a289f1ec": {
    "asset": 1578907894563,
    "meta": 1578907894585,
    "relativePath": "01.Scene\\MainScene.fire"
  },
  "507c1fef-50f0-458d-9072-8d1268dfd963": {
    "asset": 1578903599131,
    "meta": 1578903599175,
    "relativePath": "03.Texture\\grossini.png"
  },
  "db5102be-7fc4-4e12-b859-4a9b6efce833": {
    "asset": 1578903992557,
    "meta": 1578907890715,
    "relativePath": "02.Script\\GameMain.js"
  }
}